{"cameraMode":{"drawMode":0,"name":"Shaded","section":"Shading Mode"},"sceneLighting":false,"audioPlay":false,"sceneViewState":{"showFog":true,"showMaterialUpdate":false,"showSkybox":false,"showFlares":true,"showImageEffects":true,"showParticleSystems":true},"in2DMode":false,"pivot":{"x":-0.5535478591918945,"y":1.6333708763122559,"z":-1.3400499820709229},"rotation":{"x":0.11941947788000107,"y":-0.7032102346420288,"z":0.12165989726781845,"w":0.6902621388435364},"size":6.220537185668945,"orthographic":false}