{"cameraMode":{"drawMode":0,"name":"Shaded","section":"Shading Mode"},"sceneLighting":false,"audioPlay":false,"sceneViewState":{"showFog":true,"showMaterialUpdate":false,"showSkybox":false,"showFlares":true,"showImageEffects":true,"showParticleSystems":true},"in2DMode":false,"pivot":{"x":-1.681243896484375,"y":-0.9140625,"z":3.4326171875},"rotation":{"x":0.012105103582143784,"y":0.7859880924224854,"z":-0.6179935932159424,"w":0.015272644348442555},"size":23.916645050048829,"orthographic":true}