{"cameraMode":{"drawMode":0,"name":"Shaded","section":"Shading Mode"},"sceneLighting":false,"audioPlay":false,"sceneViewState":{"showFog":true,"showMaterialUpdate":false,"showSkybox":false,"showFlares":true,"showImageEffects":true,"showParticleSystems":true},"in2DMode":false,"pivot":{"x":-0.18320608139038087,"y":0.5320916175842285,"z":8.479530334472657},"rotation":{"x":0.4251614212989807,"y":-0.04851745814085007,"z":0.022936426103115083,"w":0.9035563468933106},"size":10.582235336303711,"orthographic":true}