{"cameraMode":{"drawMode":0,"name":"Shaded","section":"Shading Mode"},"sceneLighting":false,"audioPlay":false,"sceneViewState":{"showFog":true,"showMaterialUpdate":false,"showSkybox":false,"showFlares":true,"showImageEffects":true,"showParticleSystems":true},"in2DMode":false,"pivot":{"x":0.299436092376709,"y":-9.511998176574707,"z":17.029375076293947},"rotation":{"x":0.30488795042037966,"y":0.19560843706130982,"z":-0.0640861764550209,"w":0.9299221038818359},"size":4.438205718994141,"orthographic":true}